{
  "thresholds": {
    "95": 1.1303219199180603,
    "99": 1.3174484014511112
  },
  "train_samples": 4205,
  "val_samples": 743,
  "input_channels": 17,
  "window_size": 24,
  "normalization": {
    "mean": [
      3.642384105960265,
      36.21592238016512,
      4.6304038409087145,
      11.874694817170484,
      55.740798960431206,
      37.52920244151451,
      0.0032092462046639505,
      0.0033073475364933003,
      1.7406685238546051,
      0.006621932186394902,
      107.93375289827014,
      1.2077178370515333,
      1.553097268168763,
      0.03339802822322487,
      -0.031939365495776174,
      -0.007815152155359497,
      0.2795253863134658
    ],
    "std": [
      2.2265784863134352,
      22.212037159226067,
      4.885233040210353,
      12.423443242388416,
      0.08587250087879646,
      0.13395102657593375,
      0.0062924400407751635,
      0.0066177519264479165,
      2.3464817929434365,
      2.464136222784987,
      58.87967497648596,
      1.3549891229908666,
      0.7760545444613982,
      0.10614920960581951,
      0.7149987017395573,
      0.6983521211439684,
      0.44876603447129787
    ]
  }
}